name,id,steamId,type
RESPECT,R,,0
RESPECT/V,RV,,0
PORTABLE 1,P1,,0
PORTABLE 2,P2,,0
EMOTIONAL S.,ES,1238760,0
V EXTENSION,VE,1080550,0
TRILOGY,TR,1271670,0
BLACK SQUARE,BS,1300211,0
CLAZZIQUAI,CE,1300210,0
TECHNIKA 1,T1,1386610,0
TECHNIKA 2,T2,1386611,0
TECHNIKA 3,T3,1386612,0
PORTABLE 3,P3,1568680,0
V EXTENSION 2,VE2,1843020,0
TECHNIKA T&Q,TQ,1958171,0
V EXTENSION 3,VE3,2164540,0
V EXTENSION 4,VE4,2307471,0
CLEAR PASS,CP,3773080,0
V EXTENSION 5,VE5,2681820,0
V LIBERTY,VL,3038800,0
V LIBERTY 2,VL2,3371120,0
V LIBERTY 3,VL3,3773070,0
V LIBERTY 4,VL4,4077430,0
V LIBERTY 5,VL5,4744690,0
GROOVE COASTER,GC,1271671,1
GUILTY GEAR,GG,,2
CYTUS,CY,1356221,1
DEEMO,DM,1356220,1
CHUNITHM,CHU,1472190,1
GIRLS' FRONTLINE,GF,1472191,2
ESTIMATE,ESTI,1664550,2
NEXON,NXN,1782170,2
MUSE DASH,MD,1958170,1
EZ2ON,EZ2,2307470,1
MAPLESTORY,MAP,2530380,2
FALCOM,FAL,2829200,2
TEKKEN,TEK,3222500,2
TRIBUTE #1,PLI1,,3
BLUE ARCHIVE,BA,3653040,2
64514 Part.1,PLI2,,3
ARCAEA,ARC,3966190,1
TRIBUTE #2,PLI3,,3
O.N.G.E.K.I,OGK,4496350,1
